Plot,Line,Date,Time,time_in_secs,Carbon dioxide CO2,Nitrous oxide N2O,Ammonia NH3,Methane CH4,Pressure,Cell temperature
101,0,30/04/2025,10:27:17,37637,356.37,0.2534,0.074,1.654,1019.2,27.97
101,0,30/04/2025,10:28:18,37698,426.8,0.2939,0.001,1.892,1019.4,29.05
101,0,30/04/2025,10:29:20,37760,442.99,0.3045,0,1.89,1019.5,29.63
101,0,30/04/2025,10:30:21,37821,456.63,0.3068,0.018,1.871,1019.7,30.12
101,0,30/04/2025,10:31:22,37882,469.59,0.3101,0.023,1.877,1019.8,30.54
101,0,30/04/2025,10:32:24,37944,481.6,0.3139,0.029,1.876,1019.9,30.95
101,0,30/04/2025,10:33:25,38005,494.42,0.3173,0.025,1.876,1020,31.21
101,0,30/04/2025,10:34:27,38067,506.15,0.3231,0.02,1.877,1020,31.68
102,0,30/04/2025,10:38:26,38306,461.92,0.3256,0.082,1.987,1019.9,31.2
102,0,30/04/2025,10:39:27,38367,468.46,0.3361,0.093,2.019,1020.1,32.15
102,0,30/04/2025,10:40:28,38428,487.28,0.3338,0.143,2.008,1020.1,32.68
102,0,30/04/2025,10:41:29,38489,504.26,0.3413,0.099,2.001,1020.2,33.13
102,0,30/04/2025,10:42:30,38550,520.25,0.3458,0.135,2.002,1020.3,33.54
102,0,30/04/2025,10:43:31,38611,536.48,0.348,0.187,2.016,1020.3,33.95
102,0,30/04/2025,10:44:32,38672,550.9,0.3478,0.124,2.021,1020.5,34.3
102,0,30/04/2025,10:45:33,38733,566.54,0.3535,0.146,2.016,1020.4,34.57
103,0,30/04/2025,10:48:17,38897,475.07,0.3477,0.079,2.057,1020.5,35.53
103,0,30/04/2025,10:49:18,38958,460.84,0.349,0.075,2.066,1020.6,35.89
103,0,30/04/2025,10:50:19,39019,474.95,0.3608,0.083,2.058,1020.6,36.17
103,0,30/04/2025,10:51:20,39080,488.6,0.3661,0.078,2.041,1020.7,36.62
103,0,30/04/2025,10:52:21,39141,502.09,0.3674,0.117,2.037,1020.6,36.85
103,0,30/04/2025,10:53:22,39202,514.64,0.3731,0.087,2.043,1020.8,37.21
103,0,30/04/2025,10:54:23,39263,527.6,0.3781,0.146,2.044,1020.9,37.53
103,0,30/04/2025,10:55:24,39324,541.02,0.3824,0.154,2.029,1020.7,37.87
104,0,30/04/2025,10:59:32,39572,467.91,0.3845,0.061,2.054,1020.8,39.06
104,0,30/04/2025,11:00:33,39633,462.2,0.4016,0.015,2.061,1020.7,39.39
104,0,30/04/2025,11:01:34,39694,476.46,0.4193,0.11,2.054,1020.8,39.84
104,0,30/04/2025,11:02:35,39755,492.01,0.4396,0.068,2.053,1020.8,40.2
104,0,30/04/2025,11:03:36,39816,505.5,0.4608,0.063,2.06,1020.9,40.58
104,0,30/04/2025,11:04:37,39877,517.28,0.4732,0.079,2.064,1020.8,41.03
104,0,30/04/2025,11:05:39,39939,530.81,0.4891,0.157,2.061,1020.9,41.49
104,0,30/04/2025,11:06:40,40000,543.54,0.5101,0.085,2.058,1021,41.65
105,0,30/04/2025,11:09:08,40148,465.96,0.4046,0.032,2.103,1020.9,42.37
105,0,30/04/2025,11:10:09,40209,458.86,0.3776,0.033,2.086,1021,42.72
105,0,30/04/2025,11:11:10,40270,475.85,0.381,0.028,2.081,1020.9,43.28
105,0,30/04/2025,11:12:11,40331,491.13,0.3828,0.007,2.084,1021,43.66
105,0,30/04/2025,11:13:12,40392,504.56,0.3866,0.008,2.086,1020.9,44.02
105,0,30/04/2025,11:14:13,40453,518.78,0.3852,0.014,2.097,1021,44.47
105,0,30/04/2025,11:15:14,40514,533.98,0.3916,0.045,2.109,1021.1,44.94
105,0,30/04/2025,11:16:15,40575,547.65,0.3988,0,2.104,1020.9,45.29
105,0,30/04/2025,11:17:16,40636,556.12,0.3896,0.056,2.107,1021.1,45.83
106,0,30/04/2025,11:20:14,40814,481.67,0.3766,0.007,2.129,1021.1,46.43
106,0,30/04/2025,11:21:15,40875,478.22,0.386,0.039,2.127,1021,46.4
106,0,30/04/2025,11:22:16,40936,494.51,0.3852,0.009,2.118,1021.1,46.61
106,0,30/04/2025,11:23:17,40997,511.7,0.3923,0.025,2.122,1020.9,46.86
106,0,30/04/2025,11:24:18,41058,527.86,0.3966,0.007,2.127,1021,47.33
106,0,30/04/2025,11:25:19,41119,545.98,0.3984,0.011,2.134,1021.1,47.76
106,0,30/04/2025,11:26:21,41181,561.88,0.3972,0.038,2.128,1021.1,48.29
106,0,30/04/2025,11:27:22,41242,577.6,0.4106,0.041,2.129,1021.1,48.68
106,0,30/04/2025,11:28:23,41303,594.57,0.4061,0.061,2.121,1021.1,49.06
106,0,30/04/2025,11:29:24,41364,610.27,0.411,0.095,2.135,1021,49.48
201,0,30/04/2025,11:47:45,42465,488.15,0.3781,0.061,2.107,1020,43.99
201,0,30/04/2025,11:48:46,42526,475.79,0.3852,0.062,2.084,1020.1,44.54
201,0,30/04/2025,11:49:47,42587,491.42,0.3835,0.037,2.106,1020.3,45
201,0,30/04/2025,11:50:48,42648,507.11,0.3911,0.075,2.105,1020.4,46.06
201,0,30/04/2025,11:51:49,42709,525.18,0.3964,0.076,2.111,1020.5,46.91
201,0,30/04/2025,11:52:50,42770,539.85,0.4008,0.082,2.114,1020.5,47.61
201,0,30/04/2025,11:53:51,42831,557.18,0.4075,0.112,2.119,1020.7,48.23
201,0,30/04/2025,11:54:52,42892,569.03,0.404,0.093,2.139,1020.7,48.62
202,0,30/04/2025,11:57:44,43064,314.12,0.5025,1.253,1.182,1020.8,49.61
202,0,30/04/2025,11:58:46,43126,477.41,0.4019,0,2.162,1020.7,49.92
202,0,30/04/2025,11:59:47,43187,494.13,0.3979,0,2.158,1020.8,50.06
202,0,30/04/2025,12:00:48,43248,507.91,0.4006,0,2.165,1020.8,50.09
202,0,30/04/2025,12:01:49,43309,523.26,0.4047,0,2.138,1020.8,50.16
202,0,30/04/2025,12:02:50,43370,540.34,0.4061,0,2.161,1020.8,50.29
202,0,30/04/2025,12:03:51,43431,555.02,0.4051,0,2.149,1020.9,50.39
202,0,30/04/2025,12:04:52,43492,568.87,0.4148,0.01,2.139,1020.9,50.56
202,0,30/04/2025,12:05:53,43553,586,0.4113,0,2.149,1021,50.76
202,0,30/04/2025,12:06:54,43614,601.21,0.4162,0.002,2.148,1020.8,50.92
203,0,30/04/2025,12:09:58,43798,492.77,0.4078,0.026,2.148,1021,51.28
203,0,30/04/2025,12:10:59,43859,490.8,0.4278,0.008,2.155,1020.9,51.42
203,0,30/04/2025,12:12:01,43921,512.01,0.4362,0,2.152,1020.9,51.58
203,0,30/04/2025,12:13:02,43982,536.95,0.4574,0,2.137,1020.9,51.83
203,0,30/04/2025,12:14:03,44043,557.5,0.4661,0,2.135,1020.9,52.01
203,0,30/04/2025,12:15:04,44104,577.72,0.4858,0.031,2.115,1020.9,52.24
203,0,30/04/2025,12:16:05,44165,598.82,0.497,0,2.137,1020.9,52.48
203,0,30/04/2025,12:17:06,44226,619.5,0.5068,0.026,2.133,1020.9,52.62
204,0,30/04/2025,12:20:17,44417,495.31,0.4393,0,2.16,1021,52.94
204,0,30/04/2025,12:21:18,44478,476.71,0.4178,0,2.164,1020.9,52.95
204,0,30/04/2025,12:22:20,44540,490.33,0.427,0.014,2.138,1020.9,53
204,0,30/04/2025,12:23:21,44601,506.1,0.4298,0,2.139,1021,53.08
204,0,30/04/2025,12:24:22,44662,521.53,0.4309,0,2.14,1020.9,53.15
204,0,30/04/2025,12:25:23,44723,532.85,0.4314,0,2.133,1021,53.19
204,0,30/04/2025,12:26:24,44784,542.79,0.4276,0.018,2.127,1021,53.21
204,0,30/04/2025,12:27:25,44845,556.27,0.4375,0,2.134,1020.9,53.17
205,0,30/04/2025,12:30:16,45016,516.06,0.6347,0.016,2.147,1020.9,53.06
205,0,30/04/2025,12:31:18,45078,554.26,0.8765,0.028,2.137,1020.9,52.94
205,0,30/04/2025,12:32:19,45139,607.01,1.0665,0.026,2.132,1020.7,52.91
205,0,30/04/2025,12:33:19,45199,661.02,1.2502,0.041,2.146,1020.8,53
205,0,30/04/2025,12:34:20,45260,704.84,1.4154,0.082,2.12,1020.8,53.04
205,0,30/04/2025,12:35:21,45321,741.17,1.5446,0.055,2.13,1020.8,53.05
205,0,30/04/2025,12:36:22,45382,781.05,1.691,0.03,2.129,1020.8,53.02
205,0,30/04/2025,12:37:23,45443,815.03,1.802,0.059,2.135,1020.8,53.06
206,0,30/04/2025,12:40:36,45636,560.86,0.8187,0.007,2.148,1020.8,53.42
206,0,30/04/2025,12:41:37,45697,502.21,0.5246,0.036,2.15,1020.8,53.5
206,0,30/04/2025,12:42:38,45758,520.03,0.5306,0.027,2.153,1020.8,53.55
206,0,30/04/2025,12:43:39,45819,534.78,0.5355,0.008,2.134,1020.9,53.63
206,0,30/04/2025,12:44:40,45880,556.63,0.5358,0.042,2.141,1020.8,53.68
206,0,30/04/2025,12:45:41,45941,574.73,0.5441,0,2.141,1020.8,53.74
206,0,30/04/2025,12:46:42,46002,588.82,0.5474,0.034,2.135,1020.7,53.78
206,0,30/04/2025,12:47:43,46063,596.81,0.5419,0.001,2.148,1020.8,53.77
301,0,30/04/2025,13:43:19,49399,536.43,0.4024,0.062,2.095,1018.6,43.97
301,0,30/04/2025,13:44:20,49460,535.48,0.3767,0.075,2.08,1018.9,44.31
301,0,30/04/2025,13:45:21,49521,552.52,0.3823,0.137,2.075,1019,44.37
301,0,30/04/2025,13:46:22,49582,568.4,0.3896,0.135,2.084,1019.1,44.4
301,0,30/04/2025,13:47:23,49643,584.95,0.3955,0.164,2.088,1019.2,44.39
301,0,30/04/2025,13:48:25,49705,595.51,0.3906,0.168,2.072,1019.3,44.39
301,0,30/04/2025,13:49:26,49766,611.65,0.3976,0.178,2.076,1019.5,44.35
301,0,30/04/2025,13:50:27,49827,627.72,0.3964,0.201,2.086,1019.5,44.34
301,0,30/04/2025,13:51:28,49888,640.12,0.4055,0.192,2.06,1019.6,44.35
302,0,30/04/2025,13:54:28,50068,500.5,0.3809,0.102,2.123,1019.8,44.58
302,0,30/04/2025,13:55:29,50129,478.09,0.3866,0.047,2.13,1019.8,44.95
302,0,30/04/2025,13:56:30,50190,493.84,0.379,0.032,2.11,1019.8,45.2
302,0,30/04/2025,13:57:31,50251,511.88,0.3884,0.058,2.108,1019.7,45.28
302,0,30/04/2025,13:58:32,50312,527.4,0.3906,0.133,2.127,1019.7,45.47
302,0,30/04/2025,13:59:34,50374,543.85,0.3963,0.137,2.092,1019.8,45.59
302,0,30/04/2025,14:00:35,50435,559.17,0.4051,0.082,2.105,1019.7,45.61
302,0,30/04/2025,14:01:36,50496,574.65,0.4073,0.111,2.121,1019.8,45.68
302,0,30/04/2025,14:02:37,50557,588.02,0.4093,0.081,2.108,1019.8,45.78
303,0,30/04/2025,14:05:34,50734,486.85,0.4086,0.048,2.128,1019.7,46.54
303,0,30/04/2025,14:06:35,50795,480.93,0.4377,0,2.136,1019.8,46.72
303,0,30/04/2025,14:07:36,50856,502.71,0.4825,0.016,2.111,1019.8,46.89
303,0,30/04/2025,14:08:37,50917,521.38,0.5045,0,2.117,1019.7,47
303,0,30/04/2025,14:09:38,50978,543.89,0.5411,0,2.109,1019.7,47.17
303,0,30/04/2025,14:10:40,51040,561.39,0.5679,0,2.115,1019.8,47.4
303,0,30/04/2025,14:11:41,51101,578.48,0.5921,0.002,2.102,1019.7,47.82
303,0,30/04/2025,14:12:42,51162,597.32,0.6215,0.004,2.104,1019.8,48.01
304,0,30/04/2025,14:16:20,51380,493.48,0.4604,0.018,2.161,1019.7,48.28
304,0,30/04/2025,14:17:22,51442,484.8,0.4279,0.029,2.143,1019.6,48.31
304,0,30/04/2025,14:18:23,51503,507.17,0.4356,0,2.128,1019.7,48.29
304,0,30/04/2025,14:19:24,51564,528.12,0.452,0.021,2.126,1019.7,48.42
304,0,30/04/2025,14:20:25,51625,549.54,0.4576,0.008,2.127,1019.6,48.68
304,0,30/04/2025,14:21:26,51686,567.86,0.4721,0.015,2.137,1019.7,48.65
304,0,30/04/2025,14:22:27,51747,589.07,0.4835,0.01,2.114,1019.7,48.62
304,0,30/04/2025,14:23:28,51808,604.33,0.4891,0.059,2.131,1019.7,48.87
304,0,30/04/2025,14:24:29,51869,621.83,0.4976,0,2.12,1019.6,49.23
305,0,30/04/2025,14:26:46,52006,493.04,0.4231,0.005,2.138,1019.7,49.63
305,0,30/04/2025,14:27:47,52067,476.24,0.4015,0.011,2.161,1019.7,49.81
305,0,30/04/2025,14:28:49,52129,494.53,0.406,0.005,2.163,1019.6,50.15
305,0,30/04/2025,14:29:50,52190,512.48,0.41,0,2.144,1019.7,50.29
305,0,30/04/2025,14:30:52,52252,530.98,0.421,0,2.149,1019.7,50.51
305,0,30/04/2025,14:31:53,52313,546.47,0.4148,0,2.153,1019.7,50.65
305,0,30/04/2025,14:32:54,52374,561.78,0.4204,0.034,2.134,1019.7,50.72
305,0,30/04/2025,14:33:55,52435,577.28,0.4221,0,2.124,1019.7,50.73
305,0,30/04/2025,14:34:56,52496,592.15,0.4194,0,2.13,1019.7,50.75
305,0,30/04/2025,14:35:58,52558,606.57,0.4235,0.016,2.14,1019.7,50.79
306,0,30/04/2025,14:39:24,52764,514.4,0.4276,0.034,2.143,1019.6,50.98
306,0,30/04/2025,14:40:25,52825,512.15,0.4401,0.015,2.138,1019.6,51.08
306,0,30/04/2025,14:41:26,52886,538.76,0.4544,0,2.138,1019.6,51.21
306,0,30/04/2025,14:42:27,52947,561.98,0.4651,0.053,2.143,1019.7,51.35
306,0,30/04/2025,14:43:28,53008,581.82,0.4797,0.05,2.155,1019.6,51.52
306,0,30/04/2025,14:44:29,53069,603.24,0.4911,0.018,2.144,1019.6,51.66
306,0,30/04/2025,14:45:30,53130,623.22,0.5019,0.08,2.133,1019.6,51.8
306,0,30/04/2025,14:46:31,53191,641.85,0.5159,0.123,2.142,1019.6,51.95
306,0,30/04/2025,14:47:32,53252,661.18,0.5263,0.032,2.132,1019.6,52.09
306,0,30/04/2025,14:48:33,53313,680.13,0.5401,0.027,2.13,1019.6,52.2
401,0,30/04/2025,15:14:10,54850,509.64,0.4291,0.064,2.054,1017.8,45.38
401,0,30/04/2025,15:15:11,54911,500.59,0.4209,0,2.073,1018,46.12
401,0,30/04/2025,15:16:12,54972,520.71,0.4254,0,2.082,1018.1,46.31
401,0,30/04/2025,15:17:13,55033,544.19,0.4429,0,2.077,1018.3,46.46
401,0,30/04/2025,15:18:14,55094,568.94,0.4587,0,2.074,1018.4,46.49
401,0,30/04/2025,15:19:15,55155,588.51,0.4734,0,2.055,1018.4,46.53
401,0,30/04/2025,15:20:16,55216,607.29,0.4758,0,2.071,1018.5,46.88
401,0,30/04/2025,15:21:17,55277,628.62,0.4958,0,2.079,1018.5,47.42
402,0,30/04/2025,15:24:00,55440,524.36,0.4245,0,2.112,1018.7,48.89
402,0,30/04/2025,15:25:02,55502,507.56,0.4083,0.028,2.113,1018.7,49.43
402,0,30/04/2025,15:26:03,55563,524.1,0.4153,0.021,2.104,1018.7,49.82
402,0,30/04/2025,15:27:04,55624,538.56,0.4231,0.044,2.121,1018.9,50.04
402,0,30/04/2025,15:28:05,55685,554.49,0.4262,0,2.118,1018.8,50.14
402,0,30/04/2025,15:29:06,55746,569.58,0.4356,0.02,2.111,1018.9,50.19
402,0,30/04/2025,15:30:07,55807,586.9,0.4459,0,2.114,1018.8,50.27
402,0,30/04/2025,15:31:08,55868,603.36,0.4459,0.035,2.104,1018.9,50.21
402,0,30/04/2025,15:32:10,55930,619.66,0.4547,0.028,2.093,1018.7,50.11
403,0,30/04/2025,15:35:05,56105,504.98,0.419,0.005,2.101,1018.8,49.98
403,0,30/04/2025,15:36:06,56166,497.11,0.4297,0.012,2.119,1018.8,49.91
403,0,30/04/2025,15:37:07,56227,521.91,0.4461,0.058,2.125,1018.8,49.97
403,0,30/04/2025,15:38:08,56288,547.94,0.4669,0,2.134,1018.8,49.96
403,0,30/04/2025,15:39:09,56349,571.44,0.4749,0.06,2.095,1018.8,50.08
403,0,30/04/2025,15:40:10,56410,590.16,0.4845,0.029,2.122,1018.8,50.12
403,0,30/04/2025,15:41:12,56472,613.12,0.5039,0.004,2.108,1018.7,50.23
403,0,30/04/2025,15:42:13,56533,634.12,0.5148,0.019,2.12,1018.8,50.37
403,0,30/04/2025,15:43:14,56594,652.1,0.5237,0.03,2.126,1018.7,50.51
404,0,30/04/2025,15:47:48,56868,519.46,0.4399,0.028,2.093,1018.8,50.71
404,0,30/04/2025,15:48:49,56929,503.43,0.4225,0.003,2.14,1018.7,50.71
404,0,30/04/2025,15:49:50,56990,532.75,0.4319,0.03,2.11,1018.7,50.76
404,0,30/04/2025,15:50:51,57051,558.24,0.4346,0.042,2.086,1018.7,50.84
404,0,30/04/2025,15:51:52,57112,583.7,0.4353,0.012,2.108,1018.7,50.95
404,0,30/04/2025,15:52:53,57173,603.59,0.4446,0.044,2.113,1018.7,50.97
404,0,30/04/2025,15:53:54,57234,630.39,0.45,0.031,2.092,1018.7,51.04
404,0,30/04/2025,15:54:55,57295,658.49,0.4613,0.042,2.127,1018.6,51.12
405,0,30/04/2025,15:57:08,57428,512.7,0.4307,0.005,2.142,1018.7,51.29
405,0,30/04/2025,15:58:08,57488,493.12,0.4291,0,2.145,1018.7,51.39
405,0,30/04/2025,15:59:09,57549,516.06,0.4339,0.052,2.147,1018.6,51.51
405,0,30/04/2025,16:00:10,57610,540.29,0.4338,0,2.13,1018.6,51.61
405,0,30/04/2025,16:01:12,57672,556.81,0.4431,0.029,2.139,1018.6,51.63
405,0,30/04/2025,16:02:13,57733,583.71,0.4568,0.039,2.132,1018.7,51.73
405,0,30/04/2025,16:03:14,57794,605.62,0.4622,0.087,2.111,1018.7,51.74
405,0,30/04/2025,16:04:15,57855,621,0.4692,0.029,2.103,1018.6,51.67
406,0,30/04/2025,16:06:58,58018,510.68,0.4422,0.029,2.114,1018.5,51.45
406,0,30/04/2025,16:07:59,58079,501.44,0.4474,0.045,2.108,1018.6,51.38
406,0,30/04/2025,16:09:00,58140,522.48,0.4544,0.084,2.119,1018.5,51.39
406,0,30/04/2025,16:10:01,58201,545.91,0.4649,0.011,2.105,1018.5,51.45
406,0,30/04/2025,16:11:02,58262,570.9,0.483,0.072,2.104,1018.4,51.45
406,0,30/04/2025,16:12:04,58324,591.16,0.4912,0.067,2.108,1018.5,51.5
406,0,30/04/2025,16:13:05,58385,614.33,0.5047,0.024,2.121,1018.5,51.62
406,0,30/04/2025,16:14:05,58445,632.74,0.5072,0.135,2.116,1018.4,51.68
